-- MySQL dump 10.13  Distrib 5.5.32, for debian-linux-gnu (x86_64)
--
-- Host: localhost    Database: php_test
-- ------------------------------------------------------
-- Server version	5.5.32-0ubuntu0.12.04.1-log

/*!40101 SET @OLD_CHARACTER_SET_CLIENT=@@CHARACTER_SET_CLIENT */;
/*!40101 SET @OLD_CHARACTER_SET_RESULTS=@@CHARACTER_SET_RESULTS */;
/*!40101 SET @OLD_COLLATION_CONNECTION=@@COLLATION_CONNECTION */;
/*!40101 SET NAMES utf8 */;
/*!40103 SET @OLD_TIME_ZONE=@@TIME_ZONE */;
/*!40103 SET TIME_ZONE='+00:00' */;
/*!40014 SET @OLD_UNIQUE_CHECKS=@@UNIQUE_CHECKS, UNIQUE_CHECKS=0 */;
/*!40014 SET @OLD_FOREIGN_KEY_CHECKS=@@FOREIGN_KEY_CHECKS, FOREIGN_KEY_CHECKS=0 */;
/*!40101 SET @OLD_SQL_MODE=@@SQL_MODE, SQL_MODE='NO_AUTO_VALUE_ON_ZERO' */;
/*!40111 SET @OLD_SQL_NOTES=@@SQL_NOTES, SQL_NOTES=0 */;

--
-- Table structure for table `logs`
--

DROP TABLE IF EXISTS `logs`;
/*!40101 SET @saved_cs_client     = @@character_set_client */;
/*!40101 SET character_set_client = utf8 */;
CREATE TABLE `logs` (
  `id` int(11) NOT NULL AUTO_INCREMENT,
  `member_id` int(11) NOT NULL,
  `project_id` int(11) NOT NULL,
  `start_date` datetime DEFAULT NULL,
  `end_date` datetime DEFAULT NULL,
  `created` datetime DEFAULT NULL,
  `modified` datetime DEFAULT NULL,
  PRIMARY KEY (`id`)
) ENGINE=InnoDB AUTO_INCREMENT=506 DEFAULT CHARSET=latin1;
/*!40101 SET character_set_client = @saved_cs_client */;

--
-- Dumping data for table `logs`
--

LOCK TABLES `logs` WRITE;
/*!40000 ALTER TABLE `logs` DISABLE KEYS */;
INSERT INTO `logs` VALUES (262,13,13,'2014-04-01 06:01:00','2014-04-01 17:01:00','2014-04-18 05:07:05','2014-04-18 05:07:05'),(263,13,13,'2014-04-02 06:02:00','2014-04-02 17:01:00','2014-04-18 05:07:05','2014-04-18 05:07:05'),(264,13,13,'2014-04-03 06:03:00','2014-04-03 17:01:00','2014-04-18 05:07:05','2014-04-18 05:07:05'),(265,13,13,'2014-04-04 06:03:00','2014-04-04 17:01:00','2014-04-18 05:07:05','2014-04-18 05:07:05'),(266,13,13,'2014-04-05 06:03:00','2014-04-05 17:01:00','2014-04-18 05:07:05','2014-04-18 05:07:05'),(267,13,13,'2014-04-06 06:03:00','2014-04-06 17:01:00','2014-04-18 05:07:05','2014-04-18 05:07:05'),(268,13,13,'2014-04-07 06:03:00','2014-04-07 17:01:00','2014-04-18 05:07:05','2014-04-18 05:07:05'),(269,13,13,'2014-04-08 06:03:00','2014-04-08 17:01:00','2014-04-18 05:07:05','2014-04-18 05:07:05'),(270,13,13,'2014-04-09 06:03:00','2014-04-09 17:01:00','2014-04-18 05:07:05','2014-04-18 05:07:05'),(271,13,13,'2014-04-10 06:03:00','2014-04-10 17:01:00','2014-04-18 05:07:05','2014-04-18 05:07:05'),(272,13,13,'2014-04-11 06:03:00','2014-04-11 17:01:00','2014-04-18 05:07:05','2014-04-18 05:07:05'),(273,13,13,'2014-04-12 06:03:00','2014-04-12 17:01:00','2014-04-18 05:07:05','2014-04-18 05:07:05'),(274,13,13,'2014-04-13 06:03:00','2014-04-13 17:01:00','2014-04-18 05:07:05','2014-04-18 05:07:05'),(275,13,13,'2014-04-14 06:03:00','2014-04-14 17:01:00','2014-04-18 05:07:05','2014-04-18 05:07:05'),(276,13,13,'2014-04-15 06:03:00','2014-04-15 17:01:00','2014-04-18 05:07:05','2014-04-18 05:07:05'),(277,13,13,'2014-04-16 06:03:00','2014-04-16 17:01:00','2014-04-18 05:07:05','2014-04-18 05:07:05'),(278,13,13,'2014-04-17 06:03:00','2014-04-17 17:01:00','2014-04-18 05:07:05','2014-04-18 05:07:05'),(279,13,13,'2014-04-18 06:03:00','2014-04-18 17:01:00','2014-04-18 05:07:05','2014-04-18 05:07:05'),(280,13,13,'2014-04-19 06:03:00','2014-04-19 17:01:00','2014-04-18 05:07:05','2014-04-18 05:07:05'),(281,13,13,'2014-04-20 06:03:00','2014-04-20 17:01:00','2014-04-18 05:07:05','2014-04-18 05:07:05'),(282,13,13,'2014-04-21 06:03:00','2014-04-21 17:01:00','2014-04-18 05:07:05','2014-04-18 05:07:05'),(283,13,13,'2014-04-22 06:03:00','2014-04-22 17:01:00','2014-04-18 05:07:05','2014-04-18 05:07:05'),(284,13,13,'2014-04-23 06:03:00','2014-04-23 17:01:00','2014-04-18 05:07:05','2014-04-18 05:07:05'),(285,13,13,'2014-04-24 06:03:00','2014-04-24 17:01:00','2014-04-18 05:07:05','2014-04-18 05:07:05'),(286,13,13,'2014-04-25 06:03:00','2014-04-25 17:01:00','2014-04-18 05:07:05','2014-04-18 05:07:05'),(287,13,13,'2014-04-26 06:03:00','2014-04-26 17:01:00','2014-04-18 05:07:05','2014-04-18 05:07:05'),(288,13,13,'2014-04-27 06:03:00','2014-04-27 17:01:00','2014-04-18 05:07:05','2014-04-18 05:07:05'),(289,13,13,'2014-04-28 06:03:00','2014-04-28 17:01:00','2014-04-18 05:07:05','2014-04-18 05:07:05'),(290,13,13,'2014-04-29 06:03:00','2014-04-29 17:01:00','2014-04-18 05:07:05','2014-04-18 05:07:05'),(291,13,13,'2014-04-30 06:03:00','2014-04-30 17:01:00','2014-04-18 05:07:05','2014-04-18 05:07:05'),(292,13,13,'2014-05-01 06:03:00','2014-05-01 17:01:00','2014-04-18 05:07:05','2014-04-18 05:07:05'),(293,13,13,'2014-05-02 06:03:00','2014-05-02 17:01:00','2014-04-18 05:07:05','2014-04-18 05:07:05'),(294,13,13,'2014-05-03 06:03:00','2014-05-03 17:01:00','2014-04-18 05:07:05','2014-04-18 05:07:05'),(295,13,13,'2014-05-04 06:03:00','2014-05-04 17:01:00','2014-04-18 05:07:05','2014-04-18 05:07:05'),(296,13,13,'2014-05-05 06:03:00','2014-05-05 17:01:00','2014-04-18 05:07:05','2014-04-18 05:07:05'),(297,13,13,'2014-05-06 06:03:00','2014-05-06 17:01:00','2014-04-18 05:07:05','2014-04-18 05:07:05'),(298,13,13,'2014-05-07 06:03:00','2014-05-07 17:01:00','2014-04-18 05:07:05','2014-04-18 05:07:05'),(299,13,13,'2014-05-08 06:03:00','2014-05-08 17:01:00','2014-04-18 05:07:05','2014-04-18 05:07:05'),(300,13,13,'2014-05-09 06:03:00','2014-05-09 17:01:00','2014-04-18 05:07:05','2014-04-18 05:07:05'),(301,13,13,'2014-05-10 06:03:00','2014-05-10 17:01:00','2014-04-18 05:07:05','2014-04-18 05:07:05'),(302,13,13,'2014-05-11 06:03:00','2014-05-11 17:01:00','2014-04-18 05:07:05','2014-04-18 05:07:05'),(303,13,13,'2014-05-12 06:03:00','2014-05-12 17:01:00','2014-04-18 05:07:05','2014-04-18 05:07:05'),(304,13,13,'2014-05-13 06:03:00','2014-05-13 17:01:00','2014-04-18 05:07:05','2014-04-18 05:07:05'),(305,13,13,'2014-05-14 06:03:00','2014-05-14 17:01:00','2014-04-18 05:07:05','2014-04-18 05:07:05'),(306,13,13,'2014-05-15 06:03:00','2014-05-15 17:01:00','2014-04-18 05:07:05','2014-04-18 05:07:05'),(307,13,13,'2014-05-16 06:03:00','2014-05-16 17:01:00','2014-04-18 05:07:05','2014-04-18 05:07:05'),(308,13,13,'2014-05-17 06:03:00','2014-05-17 17:01:00','2014-04-18 05:07:05','2014-04-18 05:07:05'),(309,13,13,'2014-05-18 06:03:00','2014-05-18 17:01:00','2014-04-18 05:07:05','2014-04-18 05:07:05'),(310,13,13,'2014-05-19 06:03:00','2014-05-19 17:01:00','2014-04-18 05:07:05','2014-04-18 05:07:05'),(311,13,13,'2014-05-20 06:03:00','2014-05-20 17:01:00','2014-04-18 05:07:05','2014-04-18 05:07:05'),(312,13,13,'2014-05-21 06:03:00','2014-05-21 17:01:00','2014-04-18 05:07:05','2014-04-18 05:07:05'),(313,13,13,'2014-05-22 06:03:00','2014-05-22 17:01:00','2014-04-18 05:07:05','2014-04-18 05:07:05'),(314,13,13,'2014-05-23 06:03:00','2014-05-23 17:01:00','2014-04-18 05:07:05','2014-04-18 05:07:05'),(315,13,13,'2014-05-24 06:03:00','2014-05-24 17:01:00','2014-04-18 05:07:05','2014-04-18 05:07:05'),(316,13,13,'2014-05-25 06:03:00','2014-05-25 17:01:00','2014-04-18 05:07:05','2014-04-18 05:07:05'),(317,13,13,'2014-05-26 06:03:00','2014-05-26 17:01:00','2014-04-18 05:07:05','2014-04-18 05:07:05'),(318,13,13,'2014-05-27 06:03:00','2014-05-27 17:01:00','2014-04-18 05:07:05','2014-04-18 05:07:05'),(319,13,13,'2014-05-28 06:03:00','2014-05-28 17:01:00','2014-04-18 05:07:05','2014-04-18 05:07:05'),(320,13,13,'2014-05-29 06:03:00','2014-05-29 17:01:00','2014-04-18 05:07:05','2014-04-18 05:07:05'),(321,13,13,'2014-05-30 06:03:00','2014-05-30 17:01:00','2014-04-18 05:07:05','2014-04-18 05:07:05'),(322,13,13,'2014-05-31 06:03:00','2014-05-31 17:01:00','2014-04-18 05:07:05','2014-04-18 05:07:05'),(323,14,13,'2014-04-01 06:01:00','2014-04-01 17:01:00','2014-04-18 05:07:54','2014-04-18 05:07:54'),(324,14,13,'2014-04-02 06:02:00','2014-04-02 17:01:00','2014-04-18 05:07:55','2014-04-18 05:07:55'),(325,14,13,'2014-04-03 06:03:00','2014-04-03 17:01:00','2014-04-18 05:07:55','2014-04-18 05:07:55'),(326,14,13,'2014-04-04 06:03:00','2014-04-04 17:01:00','2014-04-18 05:07:55','2014-04-18 05:07:55'),(327,14,13,'2014-04-05 06:03:00','2014-04-05 17:01:00','2014-04-18 05:07:55','2014-04-18 05:07:55'),(328,14,13,'2014-04-06 06:03:00','2014-04-06 17:01:00','2014-04-18 05:07:55','2014-04-18 05:07:55'),(329,14,13,'2014-04-07 06:03:00','2014-04-07 17:01:00','2014-04-18 05:07:55','2014-04-18 05:07:55'),(330,14,13,'2014-04-08 06:03:00','2014-04-08 17:01:00','2014-04-18 05:07:55','2014-04-18 05:07:55'),(331,14,13,'2014-04-09 06:03:00','2014-04-09 17:01:00','2014-04-18 05:07:55','2014-04-18 05:07:55'),(332,14,13,'2014-04-10 06:03:00','2014-04-10 17:01:00','2014-04-18 05:07:55','2014-04-18 05:07:55'),(333,14,13,'2014-04-11 06:03:00','2014-04-11 17:01:00','2014-04-18 05:07:55','2014-04-18 05:07:55'),(334,14,13,'2014-04-12 06:03:00','2014-04-12 17:01:00','2014-04-18 05:07:55','2014-04-18 05:07:55'),(335,14,13,'2014-04-13 06:03:00','2014-04-13 17:01:00','2014-04-18 05:07:55','2014-04-18 05:07:55'),(336,14,13,'2014-04-14 06:03:00','2014-04-14 17:01:00','2014-04-18 05:07:55','2014-04-18 05:07:55'),(337,14,13,'2014-04-15 06:03:00','2014-04-15 17:01:00','2014-04-18 05:07:55','2014-04-18 05:07:55'),(338,14,13,'2014-04-16 06:03:00','2014-04-16 17:01:00','2014-04-18 05:07:55','2014-04-18 05:07:55'),(339,14,13,'2014-04-17 06:03:00','2014-04-17 17:01:00','2014-04-18 05:07:55','2014-04-18 05:07:55'),(340,14,13,'2014-04-18 06:03:00','2014-04-18 17:01:00','2014-04-18 05:07:55','2014-04-18 05:07:55'),(341,14,13,'2014-04-19 06:03:00','2014-04-19 17:01:00','2014-04-18 05:07:55','2014-04-18 05:07:55'),(342,14,13,'2014-04-20 06:03:00','2014-04-20 17:01:00','2014-04-18 05:07:55','2014-04-18 05:07:55'),(343,14,13,'2014-04-21 06:03:00','2014-04-21 17:01:00','2014-04-18 05:07:55','2014-04-18 05:07:55'),(344,14,13,'2014-04-22 06:03:00','2014-04-22 17:01:00','2014-04-18 05:07:55','2014-04-18 05:07:55'),(345,14,13,'2014-04-23 06:03:00','2014-04-23 17:01:00','2014-04-18 05:07:55','2014-04-18 05:07:55'),(346,14,13,'2014-04-24 06:03:00','2014-04-24 17:01:00','2014-04-18 05:07:55','2014-04-18 05:07:55'),(347,14,13,'2014-04-25 06:03:00','2014-04-25 17:01:00','2014-04-18 05:07:55','2014-04-18 05:07:55'),(348,14,13,'2014-04-26 06:03:00','2014-04-26 17:01:00','2014-04-18 05:07:55','2014-04-18 05:07:55'),(349,14,13,'2014-04-27 06:03:00','2014-04-27 17:01:00','2014-04-18 05:07:55','2014-04-18 05:07:55'),(350,14,13,'2014-04-28 06:03:00','2014-04-28 17:01:00','2014-04-18 05:07:55','2014-04-18 05:07:55'),(351,14,13,'2014-04-29 06:03:00','2014-04-29 17:01:00','2014-04-18 05:07:55','2014-04-18 05:07:55'),(352,14,13,'2014-04-30 06:03:00','2014-04-30 17:01:00','2014-04-18 05:07:55','2014-04-18 05:07:55'),(353,14,13,'2014-05-01 06:03:00','2014-05-01 17:01:00','2014-04-18 05:07:55','2014-04-18 05:07:55'),(354,14,13,'2014-05-02 06:03:00','2014-05-02 17:01:00','2014-04-18 05:07:55','2014-04-18 05:07:55'),(355,14,13,'2014-05-03 06:03:00','2014-05-03 17:01:00','2014-04-18 05:07:55','2014-04-18 05:07:55'),(356,14,13,'2014-05-04 06:03:00','2014-05-04 17:01:00','2014-04-18 05:07:55','2014-04-18 05:07:55'),(357,14,13,'2014-05-05 06:03:00','2014-05-05 17:01:00','2014-04-18 05:07:55','2014-04-18 05:07:55'),(358,14,13,'2014-05-06 06:03:00','2014-05-06 17:01:00','2014-04-18 05:07:55','2014-04-18 05:07:55'),(359,14,13,'2014-05-07 06:03:00','2014-05-07 17:01:00','2014-04-18 05:07:55','2014-04-18 05:07:55'),(360,14,13,'2014-05-08 06:03:00','2014-05-08 17:01:00','2014-04-18 05:07:55','2014-04-18 05:07:55'),(361,14,13,'2014-05-09 06:03:00','2014-05-09 17:01:00','2014-04-18 05:07:55','2014-04-18 05:07:55'),(362,14,13,'2014-05-10 06:03:00','2014-05-10 17:01:00','2014-04-18 05:07:55','2014-04-18 05:07:55'),(363,14,13,'2014-05-11 06:03:00','2014-05-11 17:01:00','2014-04-18 05:07:55','2014-04-18 05:07:55'),(364,14,13,'2014-05-12 06:03:00','2014-05-12 17:01:00','2014-04-18 05:07:55','2014-04-18 05:07:55'),(365,14,13,'2014-05-13 06:03:00','2014-05-13 17:01:00','2014-04-18 05:07:55','2014-04-18 05:07:55'),(366,14,13,'2014-05-14 06:03:00','2014-05-14 17:01:00','2014-04-18 05:07:55','2014-04-18 05:07:55'),(367,14,13,'2014-05-15 06:03:00','2014-05-15 17:01:00','2014-04-18 05:07:55','2014-04-18 05:07:55'),(368,14,13,'2014-05-16 06:03:00','2014-05-16 17:01:00','2014-04-18 05:07:55','2014-04-18 05:07:55'),(369,14,13,'2014-05-17 06:03:00','2014-05-17 17:01:00','2014-04-18 05:07:55','2014-04-18 05:07:55'),(370,14,13,'2014-05-18 06:03:00','2014-05-18 17:01:00','2014-04-18 05:07:55','2014-04-18 05:07:55'),(371,14,13,'2014-05-19 06:03:00','2014-05-19 17:01:00','2014-04-18 05:07:55','2014-04-18 05:07:55'),(372,14,13,'2014-05-20 06:03:00','2014-05-20 17:01:00','2014-04-18 05:07:55','2014-04-18 05:07:55'),(373,14,13,'2014-05-21 06:03:00','2014-05-21 17:01:00','2014-04-18 05:07:55','2014-04-18 05:07:55'),(374,14,13,'2014-05-22 06:03:00','2014-05-22 17:01:00','2014-04-18 05:07:55','2014-04-18 05:07:55'),(375,14,13,'2014-05-23 06:03:00','2014-05-23 17:01:00','2014-04-18 05:07:55','2014-04-18 05:07:55'),(376,14,13,'2014-05-24 06:03:00','2014-05-24 17:01:00','2014-04-18 05:07:55','2014-04-18 05:07:55'),(377,14,13,'2014-05-25 06:03:00','2014-05-25 17:01:00','2014-04-18 05:07:55','2014-04-18 05:07:55'),(378,14,13,'2014-05-26 06:03:00','2014-05-26 17:01:00','2014-04-18 05:07:55','2014-04-18 05:07:55'),(379,14,13,'2014-05-27 06:03:00','2014-05-27 17:01:00','2014-04-18 05:07:55','2014-04-18 05:07:55'),(380,14,13,'2014-05-28 06:03:00','2014-05-28 17:01:00','2014-04-18 05:07:55','2014-04-18 05:07:55'),(381,14,13,'2014-05-29 06:03:00','2014-05-29 17:01:00','2014-04-18 05:07:55','2014-04-18 05:07:55'),(382,14,13,'2014-05-30 06:03:00','2014-05-30 17:01:00','2014-04-18 05:07:55','2014-04-18 05:07:55'),(383,14,13,'2014-05-31 06:03:00','2014-05-31 17:01:00','2014-04-18 05:07:55','2014-04-18 05:07:55'),(384,15,14,'2014-04-01 06:01:00','2014-04-01 17:01:00','2014-04-18 05:08:36','2014-04-18 05:08:36'),(385,15,14,'2014-04-02 06:02:00','2014-04-02 17:01:00','2014-04-18 05:08:36','2014-04-18 05:08:36'),(386,15,14,'2014-04-03 06:03:00','2014-04-03 17:01:00','2014-04-18 05:08:36','2014-04-18 05:08:36'),(387,15,14,'2014-04-04 06:03:00','2014-04-04 17:01:00','2014-04-18 05:08:36','2014-04-18 05:08:36'),(388,15,14,'2014-04-05 06:03:00','2014-04-05 17:01:00','2014-04-18 05:08:36','2014-04-18 05:08:36'),(389,15,14,'2014-04-06 06:03:00','2014-04-06 17:01:00','2014-04-18 05:08:36','2014-04-18 05:08:36'),(390,15,14,'2014-04-07 06:03:00','2014-04-07 17:01:00','2014-04-18 05:08:36','2014-04-18 05:08:36'),(391,15,14,'2014-04-08 06:03:00','2014-04-08 17:01:00','2014-04-18 05:08:36','2014-04-18 05:08:36'),(392,15,14,'2014-04-09 06:03:00','2014-04-09 17:01:00','2014-04-18 05:08:36','2014-04-18 05:08:36'),(393,15,14,'2014-04-10 06:03:00','2014-04-10 17:01:00','2014-04-18 05:08:36','2014-04-18 05:08:36'),(394,15,14,'2014-04-11 06:03:00','2014-04-11 17:01:00','2014-04-18 05:08:36','2014-04-18 05:08:36'),(395,15,14,'2014-04-12 06:03:00','2014-04-12 17:01:00','2014-04-18 05:08:36','2014-04-18 05:08:36'),(396,15,14,'2014-04-13 06:03:00','2014-04-13 17:01:00','2014-04-18 05:08:36','2014-04-18 05:08:36'),(397,15,14,'2014-04-14 06:03:00','2014-04-14 17:01:00','2014-04-18 05:08:36','2014-04-18 05:08:36'),(398,15,14,'2014-04-15 06:03:00','2014-04-15 17:01:00','2014-04-18 05:08:36','2014-04-18 05:08:36'),(399,15,14,'2014-04-16 06:03:00','2014-04-16 17:01:00','2014-04-18 05:08:36','2014-04-18 05:08:36'),(400,15,14,'2014-04-17 06:03:00','2014-04-17 17:01:00','2014-04-18 05:08:36','2014-04-18 05:08:36'),(401,15,14,'2014-04-18 06:03:00','2014-04-18 17:01:00','2014-04-18 05:08:36','2014-04-18 05:08:36'),(402,15,14,'2014-04-19 06:03:00','2014-04-19 17:01:00','2014-04-18 05:08:36','2014-04-18 05:08:36'),(403,15,14,'2014-04-20 06:03:00','2014-04-20 17:01:00','2014-04-18 05:08:36','2014-04-18 05:08:36'),(404,15,14,'2014-04-21 06:03:00','2014-04-21 17:01:00','2014-04-18 05:08:36','2014-04-18 05:08:36'),(405,15,14,'2014-04-22 06:03:00','2014-04-22 17:01:00','2014-04-18 05:08:36','2014-04-18 05:08:36'),(406,15,14,'2014-04-23 06:03:00','2014-04-23 17:01:00','2014-04-18 05:08:36','2014-04-18 05:08:36'),(407,15,14,'2014-04-24 06:03:00','2014-04-24 17:01:00','2014-04-18 05:08:36','2014-04-18 05:08:36'),(408,15,14,'2014-04-25 06:03:00','2014-04-25 17:01:00','2014-04-18 05:08:36','2014-04-18 05:08:36'),(409,15,14,'2014-04-26 06:03:00','2014-04-26 17:01:00','2014-04-18 05:08:36','2014-04-18 05:08:36'),(410,15,14,'2014-04-27 06:03:00','2014-04-27 17:01:00','2014-04-18 05:08:36','2014-04-18 05:08:36'),(411,15,14,'2014-04-28 06:03:00','2014-04-28 17:01:00','2014-04-18 05:08:36','2014-04-18 05:08:36'),(412,15,14,'2014-04-29 06:03:00','2014-04-29 17:01:00','2014-04-18 05:08:36','2014-04-18 05:08:36'),(413,15,14,'2014-04-30 06:03:00','2014-04-30 17:01:00','2014-04-18 05:08:36','2014-04-18 05:08:36'),(414,15,14,'2014-05-01 06:03:00','2014-05-01 17:01:00','2014-04-18 05:08:36','2014-04-18 05:08:36'),(415,15,14,'2014-05-02 06:03:00','2014-05-02 17:01:00','2014-04-18 05:08:36','2014-04-18 05:08:36'),(416,15,14,'2014-05-03 06:03:00','2014-05-03 17:01:00','2014-04-18 05:08:36','2014-04-18 05:08:36'),(417,15,14,'2014-05-04 06:03:00','2014-05-04 17:01:00','2014-04-18 05:08:36','2014-04-18 05:08:36'),(418,15,14,'2014-05-05 06:03:00','2014-05-05 17:01:00','2014-04-18 05:08:36','2014-04-18 05:08:36'),(419,15,14,'2014-05-06 06:03:00','2014-05-06 17:01:00','2014-04-18 05:08:36','2014-04-18 05:08:36'),(420,15,14,'2014-05-07 06:03:00','2014-05-07 17:01:00','2014-04-18 05:08:36','2014-04-18 05:08:36'),(421,15,14,'2014-05-08 06:03:00','2014-05-08 17:01:00','2014-04-18 05:08:36','2014-04-18 05:08:36'),(422,15,14,'2014-05-09 06:03:00','2014-05-09 17:01:00','2014-04-18 05:08:36','2014-04-18 05:08:36'),(423,15,14,'2014-05-10 06:03:00','2014-05-10 17:01:00','2014-04-18 05:08:36','2014-04-18 05:08:36'),(424,15,14,'2014-05-11 06:03:00','2014-05-11 17:01:00','2014-04-18 05:08:36','2014-04-18 05:08:36'),(425,15,14,'2014-05-12 06:03:00','2014-05-12 17:01:00','2014-04-18 05:08:36','2014-04-18 05:08:36'),(426,15,14,'2014-05-13 06:03:00','2014-05-13 17:01:00','2014-04-18 05:08:36','2014-04-18 05:08:36'),(427,15,14,'2014-05-14 06:03:00','2014-05-14 17:01:00','2014-04-18 05:08:36','2014-04-18 05:08:36'),(428,15,14,'2014-05-15 06:03:00','2014-05-15 17:01:00','2014-04-18 05:08:36','2014-04-18 05:08:36'),(429,15,14,'2014-05-16 06:03:00','2014-05-16 17:01:00','2014-04-18 05:08:36','2014-04-18 05:08:36'),(430,15,14,'2014-05-17 06:03:00','2014-05-17 17:01:00','2014-04-18 05:08:36','2014-04-18 05:08:36'),(431,15,14,'2014-05-18 06:03:00','2014-05-18 17:01:00','2014-04-18 05:08:36','2014-04-18 05:08:36'),(432,15,14,'2014-05-19 06:03:00','2014-05-19 17:01:00','2014-04-18 05:08:36','2014-04-18 05:08:36'),(433,15,14,'2014-05-20 06:03:00','2014-05-20 17:01:00','2014-04-18 05:08:36','2014-04-18 05:08:36'),(434,15,14,'2014-05-21 06:03:00','2014-05-21 17:01:00','2014-04-18 05:08:36','2014-04-18 05:08:36'),(435,15,14,'2014-05-22 06:03:00','2014-05-22 17:01:00','2014-04-18 05:08:36','2014-04-18 05:08:36'),(436,15,14,'2014-05-23 06:03:00','2014-05-23 17:01:00','2014-04-18 05:08:36','2014-04-18 05:08:36'),(437,15,14,'2014-05-24 06:03:00','2014-05-24 17:01:00','2014-04-18 05:08:36','2014-04-18 05:08:36'),(438,15,14,'2014-05-25 06:03:00','2014-05-25 17:01:00','2014-04-18 05:08:36','2014-04-18 05:08:36'),(439,15,14,'2014-05-26 06:03:00','2014-05-26 17:01:00','2014-04-18 05:08:36','2014-04-18 05:08:36'),(440,15,14,'2014-05-27 06:03:00','2014-05-27 17:01:00','2014-04-18 05:08:36','2014-04-18 05:08:36'),(441,15,14,'2014-05-28 06:03:00','2014-05-28 17:01:00','2014-04-18 05:08:36','2014-04-18 05:08:36'),(442,15,14,'2014-05-29 06:03:00','2014-05-29 17:01:00','2014-04-18 05:08:36','2014-04-18 05:08:36'),(443,15,14,'2014-05-30 06:03:00','2014-05-30 17:01:00','2014-04-18 05:08:36','2014-04-18 05:08:36'),(444,15,14,'2014-05-31 06:03:00','2014-05-31 17:01:00','2014-04-18 05:08:36','2014-04-18 05:08:36'),(445,16,14,'2014-04-01 06:01:00','2014-04-01 17:01:00','2014-04-18 05:09:02','2014-04-18 05:09:02'),(446,16,14,'2014-04-02 06:02:00','2014-04-02 17:01:00','2014-04-18 05:09:02','2014-04-18 05:09:02'),(447,16,14,'2014-04-03 06:03:00','2014-04-03 17:01:00','2014-04-18 05:09:02','2014-04-18 05:09:02'),(448,16,14,'2014-04-04 06:03:00','2014-04-04 17:01:00','2014-04-18 05:09:02','2014-04-18 05:09:02'),(449,16,14,'2014-04-05 06:03:00','2014-04-05 17:01:00','2014-04-18 05:09:02','2014-04-18 05:09:02'),(450,16,14,'2014-04-06 06:03:00','2014-04-06 17:01:00','2014-04-18 05:09:02','2014-04-18 05:09:02'),(451,16,14,'2014-04-07 06:03:00','2014-04-07 17:01:00','2014-04-18 05:09:02','2014-04-18 05:09:02'),(452,16,14,'2014-04-08 06:03:00','2014-04-08 17:01:00','2014-04-18 05:09:02','2014-04-18 05:09:02'),(453,16,14,'2014-04-09 06:03:00','2014-04-09 17:01:00','2014-04-18 05:09:02','2014-04-18 05:09:02'),(454,16,14,'2014-04-10 06:03:00','2014-04-10 17:01:00','2014-04-18 05:09:02','2014-04-18 05:09:02'),(455,16,14,'2014-04-11 06:03:00','2014-04-11 17:01:00','2014-04-18 05:09:02','2014-04-18 05:09:02'),(456,16,14,'2014-04-12 06:03:00','2014-04-12 17:01:00','2014-04-18 05:09:02','2014-04-18 05:09:02'),(457,16,14,'2014-04-13 06:03:00','2014-04-13 17:01:00','2014-04-18 05:09:02','2014-04-18 05:09:02'),(458,16,14,'2014-04-14 06:03:00','2014-04-14 17:01:00','2014-04-18 05:09:02','2014-04-18 05:09:02'),(459,16,14,'2014-04-15 06:03:00','2014-04-15 17:01:00','2014-04-18 05:09:02','2014-04-18 05:09:02'),(460,16,14,'2014-04-16 06:03:00','2014-04-16 17:01:00','2014-04-18 05:09:02','2014-04-18 05:09:02'),(461,16,14,'2014-04-17 06:03:00','2014-04-17 17:01:00','2014-04-18 05:09:02','2014-04-18 05:09:02'),(462,16,14,'2014-04-18 06:03:00','2014-04-18 17:01:00','2014-04-18 05:09:02','2014-04-18 05:09:02'),(463,16,14,'2014-04-19 06:03:00','2014-04-19 17:01:00','2014-04-18 05:09:02','2014-04-18 05:09:02'),(464,16,14,'2014-04-20 06:03:00','2014-04-20 17:01:00','2014-04-18 05:09:02','2014-04-18 05:09:02'),(465,16,14,'2014-04-21 06:03:00','2014-04-21 17:01:00','2014-04-18 05:09:02','2014-04-18 05:09:02'),(466,16,14,'2014-04-22 06:03:00','2014-04-22 17:01:00','2014-04-18 05:09:02','2014-04-18 05:09:02'),(467,16,14,'2014-04-23 06:03:00','2014-04-23 17:01:00','2014-04-18 05:09:02','2014-04-18 05:09:02'),(468,16,14,'2014-04-24 06:03:00','2014-04-24 17:01:00','2014-04-18 05:09:02','2014-04-18 05:09:02'),(469,16,14,'2014-04-25 06:03:00','2014-04-25 17:01:00','2014-04-18 05:09:02','2014-04-18 05:09:02'),(470,16,14,'2014-04-26 06:03:00','2014-04-26 17:01:00','2014-04-18 05:09:02','2014-04-18 05:09:02'),(471,16,14,'2014-04-27 06:03:00','2014-04-27 17:01:00','2014-04-18 05:09:02','2014-04-18 05:09:02'),(472,16,14,'2014-04-28 06:03:00','2014-04-28 17:01:00','2014-04-18 05:09:02','2014-04-18 05:09:02'),(473,16,14,'2014-04-29 06:03:00','2014-04-29 17:01:00','2014-04-18 05:09:02','2014-04-18 05:09:02'),(474,16,14,'2014-04-30 06:03:00','2014-04-30 17:01:00','2014-04-18 05:09:02','2014-04-18 05:09:02'),(475,16,14,'2014-05-01 06:03:00','2014-05-01 17:01:00','2014-04-18 05:09:02','2014-04-18 05:09:02'),(476,16,14,'2014-05-02 06:03:00','2014-05-02 17:01:00','2014-04-18 05:09:02','2014-04-18 05:09:02'),(477,16,14,'2014-05-03 06:03:00','2014-05-03 17:01:00','2014-04-18 05:09:02','2014-04-18 05:09:02'),(478,16,14,'2014-05-04 06:03:00','2014-05-04 17:01:00','2014-04-18 05:09:02','2014-04-18 05:09:02'),(479,16,14,'2014-05-05 06:03:00','2014-05-05 17:01:00','2014-04-18 05:09:02','2014-04-18 05:09:02'),(480,16,14,'2014-05-06 06:03:00','2014-05-06 17:01:00','2014-04-18 05:09:02','2014-04-18 05:09:02'),(481,16,14,'2014-05-07 06:03:00','2014-05-07 17:01:00','2014-04-18 05:09:02','2014-04-18 05:09:02'),(482,16,14,'2014-05-08 06:03:00','2014-05-08 17:01:00','2014-04-18 05:09:03','2014-04-18 05:09:03'),(483,16,14,'2014-05-09 06:03:00','2014-05-09 17:01:00','2014-04-18 05:09:03','2014-04-18 05:09:03'),(484,16,14,'2014-05-10 06:03:00','2014-05-10 17:01:00','2014-04-18 05:09:03','2014-04-18 05:09:03'),(485,16,14,'2014-05-11 06:03:00','2014-05-11 17:01:00','2014-04-18 05:09:03','2014-04-18 05:09:03'),(486,16,14,'2014-05-12 06:03:00','2014-05-12 17:01:00','2014-04-18 05:09:03','2014-04-18 05:09:03'),(487,16,14,'2014-05-13 06:03:00','2014-05-13 17:01:00','2014-04-18 05:09:03','2014-04-18 05:09:03'),(488,16,14,'2014-05-14 06:03:00','2014-05-14 17:01:00','2014-04-18 05:09:03','2014-04-18 05:09:03'),(489,16,14,'2014-05-15 06:03:00','2014-05-15 17:01:00','2014-04-18 05:09:03','2014-04-18 05:09:03'),(490,16,14,'2014-05-16 06:03:00','2014-05-16 17:01:00','2014-04-18 05:09:03','2014-04-18 05:09:03'),(491,16,14,'2014-05-17 06:03:00','2014-05-17 17:01:00','2014-04-18 05:09:03','2014-04-18 05:09:03'),(492,16,14,'2014-05-18 06:03:00','2014-05-18 17:01:00','2014-04-18 05:09:03','2014-04-18 05:09:03'),(493,16,14,'2014-05-19 06:03:00','2014-05-19 17:01:00','2014-04-18 05:09:03','2014-04-18 05:09:03'),(494,16,14,'2014-05-20 06:03:00','2014-05-20 17:01:00','2014-04-18 05:09:03','2014-04-18 05:09:03'),(495,16,14,'2014-05-21 06:03:00','2014-05-21 17:01:00','2014-04-18 05:09:03','2014-04-18 05:09:03'),(496,16,14,'2014-05-22 06:03:00','2014-05-22 17:01:00','2014-04-18 05:09:03','2014-04-18 05:09:03'),(497,16,14,'2014-05-23 06:03:00','2014-05-23 17:01:00','2014-04-18 05:09:03','2014-04-18 05:09:03'),(498,16,14,'2014-05-24 06:03:00','2014-05-24 17:01:00','2014-04-18 05:09:03','2014-04-18 05:09:03'),(499,16,14,'2014-05-25 06:03:00','2014-05-25 17:01:00','2014-04-18 05:09:03','2014-04-18 05:09:03'),(500,16,14,'2014-05-26 06:03:00','2014-05-26 17:01:00','2014-04-18 05:09:03','2014-04-18 05:09:03'),(501,16,14,'2014-05-27 06:03:00','2014-05-27 17:01:00','2014-04-18 05:09:03','2014-04-18 05:09:03'),(502,16,14,'2014-05-28 06:03:00','2014-05-28 17:01:00','2014-04-18 05:09:03','2014-04-18 05:09:03'),(503,16,14,'2014-05-29 06:03:00','2014-05-29 17:01:00','2014-04-18 05:09:03','2014-04-18 05:09:03'),(504,16,14,'2014-05-30 06:03:00','2014-05-30 17:01:00','2014-04-18 05:09:03','2014-04-18 05:09:03'),(505,16,14,'2014-05-31 06:03:00','2014-05-31 17:01:00','2014-04-18 05:09:03','2014-04-18 05:09:03');
/*!40000 ALTER TABLE `logs` ENABLE KEYS */;
UNLOCK TABLES;

--
-- Table structure for table `members`
--

DROP TABLE IF EXISTS `members`;
/*!40101 SET @saved_cs_client     = @@character_set_client */;
/*!40101 SET character_set_client = utf8 */;
CREATE TABLE `members` (
  `id` int(11) NOT NULL AUTO_INCREMENT,
  `first_name` varchar(50) DEFAULT NULL,
  `second_name` varchar(50) DEFAULT NULL,
  `created` datetime DEFAULT NULL,
  `modified` datetime DEFAULT NULL,
  PRIMARY KEY (`id`)
) ENGINE=InnoDB AUTO_INCREMENT=18 DEFAULT CHARSET=latin1;
/*!40101 SET character_set_client = @saved_cs_client */;

--
-- Dumping data for table `members`
--

LOCK TABLES `members` WRITE;
/*!40000 ALTER TABLE `members` DISABLE KEYS */;
INSERT INTO `members` VALUES (13,'Raleigh','Becket','2014-04-17 23:01:22','2014-04-18 04:31:19'),(14,'Mako','Mori','2014-04-17 23:01:30','2014-04-18 04:31:41'),(15,'Newton','Geiszler','2014-04-18 04:28:24','2014-04-18 04:28:24'),(16,'Herc','Hansen','2014-04-18 04:28:41','2014-04-18 04:28:41'),(17,'Hannibal','Chau','2014-04-18 04:28:58','2014-04-18 04:28:58');
/*!40000 ALTER TABLE `members` ENABLE KEYS */;
UNLOCK TABLES;

--
-- Table structure for table `projects`
--

DROP TABLE IF EXISTS `projects`;
/*!40101 SET @saved_cs_client     = @@character_set_client */;
/*!40101 SET character_set_client = utf8 */;
CREATE TABLE `projects` (
  `id` int(11) NOT NULL AUTO_INCREMENT,
  `project_name` varchar(50) DEFAULT NULL,
  `hourly_rate` decimal(15,6) NOT NULL,
  `created` datetime DEFAULT NULL,
  `modified` datetime DEFAULT NULL,
  PRIMARY KEY (`id`)
) ENGINE=InnoDB AUTO_INCREMENT=15 DEFAULT CHARSET=latin1;
/*!40101 SET character_set_client = @saved_cs_client */;

--
-- Dumping data for table `projects`
--

LOCK TABLES `projects` WRITE;
/*!40000 ALTER TABLE `projects` DISABLE KEYS */;
INSERT INTO `projects` VALUES (13,'Jaeger',404.560000,'2014-04-17 23:01:12','2014-04-18 04:30:00'),(14,'Kaijus',360.000000,'2014-04-18 04:30:29','2014-04-18 04:30:29');
/*!40000 ALTER TABLE `projects` ENABLE KEYS */;
UNLOCK TABLES;
/*!40103 SET TIME_ZONE=@OLD_TIME_ZONE */;

/*!40101 SET SQL_MODE=@OLD_SQL_MODE */;
/*!40014 SET FOREIGN_KEY_CHECKS=@OLD_FOREIGN_KEY_CHECKS */;
/*!40014 SET UNIQUE_CHECKS=@OLD_UNIQUE_CHECKS */;
/*!40101 SET CHARACTER_SET_CLIENT=@OLD_CHARACTER_SET_CLIENT */;
/*!40101 SET CHARACTER_SET_RESULTS=@OLD_CHARACTER_SET_RESULTS */;
/*!40101 SET COLLATION_CONNECTION=@OLD_COLLATION_CONNECTION */;
/*!40111 SET SQL_NOTES=@OLD_SQL_NOTES */;

-- Dump completed on 2014-04-18  6:02:20
